{"name": "XGBoost", "params": [100, 200, 0.1, 42], "MSE": 0.00012654497402176423, "R2": 0.9947449440388559, "_timestamp": 1662552686.7818508, "_runtime": 3.1444337368011475, "_step": 3, "_wandb": {"runtime": 0}}