{"name": "XGBoost", "params": [100, 200, 0.1, 42], "MSE": 0.00012654497402176423, "R2": 0.9947449440388559, "_timestamp": 1662552716.4180732, "_runtime": 3.312509059906006, "_step": 4, "pbounds": {"ngy": [0, 15], "wg": [0, 16], "gr_tt": [0, 1], "case": [0, 10], "nlz": [0, 5], "tstcase_0": [0, 1], "tstcase_1": [0, 1], "tstcase_2": [0, 1]}, "_wandb": {"runtime": 0}}