{"name": "XGBoost", "params": [100, 200, 0.1, 42], "MSE": 0.00012654497402176423, "R2": 0.9947449440388559, "_timestamp": 1662552794.373021, "_runtime": 14.136037826538086, "_step": 5, "pbounds": {"ngy": [0, 15], "wg": [0, 16], "gr_tt": [0, 1], "case": [0, 10], "nlz": [0, 5], "tstcase_0": [0, 1], "tstcase_1": [0, 1], "tstcase_2": [0, 1]}, "max": {"target": 0.7912060618400574, "params": {"case": 1.1143071258392754, "gr_tt": 1.0, "ngy": 6.165370292401545, "nlz": 0.6244434171208884, "tstcase_0": 0.9878277838811166, "tstcase_1": 0.0, "tstcase_2": 0.818972894711257, "wg": 13.17908596472142}}, "_wandb": {"runtime": 11}}